id	name
701	U.S. oil industry history
702	Pearl farming
703	U.S. against International Criminal Court
704	Green party political views
705	Iraq foreign debt reduction
706	Controlling type II diabetes
707	Aspirin cancer prevention
708	Decorative slate sources
709	Horse racing jockey weight
710	Prostate cancer treatments
711	Train station security measures
712	Pyramid scheme
713	Chesapeake Bay Maryland clean
714	License restrictions older drivers
715	Schizophrenia drugs
716	Spammer arrest sue
717	Gifted talented student programs
718	Controlling acid rain
719	Cruise ship damage sea life
720	Federal welfare reform
721	Census data applications
722	Iran terrorism
723	Executive privilege
724	Iran Contra
725	Low white blood cell count
726	Hubble telescope repairs
727	Church arson
728	whales save endangered
729	Whistle blower department of defense
730	Gastric bypass complications
731	Kurds history
732	U.S. cheese production
733	Airline overbooking
734	Recycling successes
735	Afghan women condition
736	location BSE infections
737	Enron California energy crisis
738	Anthrax hoaxes
739	Habitat for Humanity
740	regulate assisted living Maryland
741	Artificial Intelligence
742	hedge funds fraud protection
743	Freighter ship registration
744	Counterfeit ID punishments
745	Doomsday cults
746	Outsource job India
747	Library computer oversight
748	Nuclear reactor types
749	Puerto Rico state
750	John Edwards womens issues
751	Scrabble Players
752	Dam removal
753	bullying prevention programs
754	domestic adoption laws
755	Scottish Highland Games
756	Volcanic Activity
757	Murals
758	Embryonic stem cells
759	civil war battle reenactments
760	american muslim mosques schools
761	Problems of Hmong Immigrants
762	History of Physicians in America
763	Hunting deaths
764	Increase mass transit use
765	ephedra ma huang deaths
766	diamond smuggling
767	Pharmacist License requirements
768	Women in state legislatures
769	Kroll Associates Employees
770	Kyrgyzstan-United States relations
771	deformed leopard frogs
772	flag display rules
773	Pennsylvania slot machine gambling
774	Causes of Homelessness
775	Commercial candy makers
776	Magnet schools success
777	hybrid alternative fuel cars
778	golden ratio
779	Javelinas range and description
780	Arable land
781	Squirrel control and protections
782	Orange varieties seasons
783	school mercury poisoning
784	mersenne primes
785	Ivory-billed woodpecker
786	Yew trees
787	Sunflower Cultivation
788	Reverse mortgages
789	abandoned mine reclamation
790	women's rights in Saudi Arabia
791	Gullah geechee language culture
792	Social Security means test
793	Bagpipe Bands
794	pet therapy
795	notable cocker spaniels
796	Blue Grass Music Festival history
797	reintroduction of gray wolves
798	Massachusetts textile mills
799	Animals in Alzheimer's research
800	Ovarian Cancer Treatment
801	Kudzu Pueraria lobata
802	Volcano eruptions global temperature
803	May Day
804	ban on human cloning
805	Identity Theft Passport
806	Doctors Without Borders
807	Sugar tariff-rate quotas
808	North Korean Counterfeiting
809	wetlands wastewater treatment
810	timeshare resales
811	handwriting recognition
812	total knee replacement surgery
813	Atlantic Intracoastal Waterway
814	Johnstown flood
815	Coast Guard rescues
816	USAID assistance to Galapagos
817	sports stadium naming rights
818	Chaco Culture National Park
819	1890 Census
820	imported fire ants
821	Internet work-at-home scams
822	Custer's Last Stand
823	Continuing care retirement communities
824	Civil Air Patrol
825	National Guard Involvement in Iraq
826	Florida Seminole Indians
827	Hidden Markov Modeling HMM
828	secret shoppers
829	Spanish Civil War support
830	model railroads
831	Dulles Airport security
832	labor union activity
833	Iceland government
834	Global positioning system earthquakes
835	Big Dig pork
836	illegal immigrant wages
837	Eskimo History
838	urban suburban coyotes
839	textile dyeing techniques
840	Geysers
841	camel North America
842	David McCullough
843	Pol Pot
844	segmental duplications
845	New Jersey tomato
846	heredity and obesity
847	Portugal World War II
848	radio station call letters
849	Scalable Vector Graphics
850	Mississippi River flood
